Title_Pinyin,Title,Title_Translation,Title_Abbreviation,Category,Associated_Location,Date,Author,Author_Pinyin,Author_Dates,Author2,Author2_Pinyin,Author3,Author3_Pinyin,Edition,Editor,Editor_Pinyin,Editor2,Editor2_Pinyin,Publication_Date,Publishing_House,Publication_Location,Sub-edition,Sub-edition_Pinyin,Sub-edition_Translation,Sub-edition_Author,Sub-edition_Author_Pinyin,Sub-edition_Author_CBDB,Digital_Edition,Collection,Link,Note,
Han shu,漢書,History of the Han,,正史,,Eastern Han,班固,Ban Gu,,,,,,,,,,,,,,豫章郡,Yuzhang jun,Yuzhang Commandery,,,,China Text Project,,https://ctext.org/han-shu/di-li-zhi#n64209,,
Nongsang jiyao,農桑輯要,Essentials of Agriculture and Sericulture,,農家,,1273,司農司,Board of Agriculture,,,,,,欽定四庫全書,,,,,,,,插杉,cha shan,planting firs,,,,China Text Project,,https://ctext.org/wiki.pl?if=gb&chapter=210722#%E6%9D%BE,,
Nongsang jiyao,農桑輯要,Essentials of Agriculture and Sericulture,,農家,,1273,司農司,Board of Agriculture,,,,,,,,,,,,,,插杉,cha shan,planting firs,,,,Wikisource,,https://zh.wikisource.org/wiki/%E8%BE%B2%E6%A1%91%E8%BC%AF%E8%A6%81/%E5%8D%B7%E4%B9%8B%E5%85%AD,,
Zuiwei lu,罪惟録,,,野史,,明,查繼佐,Cha Jizuo,,,,,,吳興劉氏嘉業堂藏手稿本,,,,,,,,播州楊氏,Bozhou Yang shi,biography of the Bozhou Yang house,,,,Wikisource,,https://zh.wikisource.org/wiki/%E7%BD%AA%E6%83%9F%E9%8C%84_(%E5%9B%9B%E9%83%A8%E5%8F%A2%E5%88%8A%E6%9C%AC)/%E5%88%97%E5%82%B3%E5%8D%B7%E4%B8%89%E5%8D%81%E5%9B%9B,,
Tang lü shuyi,唐律疏議,Tang Code With Commentary,,政書,,653,長孫無忌,Chansun Wuji,,,,,,,,,,,,,,山野物已加功力,shanye wu yi jiagongli,Wildland Products with Labor Already Invested,,,,Wikisource,,https://zh.wikisource.org/wiki/%E5%94%90%E5%BE%8B%E7%96%8F%E8%AD%B0/%E5%8D%B7%E7%AC%AC%E4%BA%8C%E5%8D%81#291_%E5%B1%B1%E9%87%8E%E7%89%A9%E5%B7%B2%E5%8A%A0%E5%8A%9F%E5%8A%9B,,
Tang lü shuyi,唐律疏議,Tang Code With Commentary,,政書,,653,長孫無忌,Chansun Wuji,,,,,,,,,,,,,,占山野陂湖利,zhan shanye pohu li,Monopolizing the Bounties of Wildlands and Wetlands,,,,Wikisource,,https://zh.wikisource.org/wiki/%E5%94%90%E5%BE%8B%E7%96%8F%E8%AD%B0/%E5%8D%B7%E7%AC%AC%E4%BA%8C%E5%8D%81%E5%85%AD#405_%E5%8D%A0%E5%B1%B1%E9%87%8E%E9%99%82%E6%B9%96%E5%88%A9,,
Bamin tongzhi,八閩通志,,,地方誌,福建,1491,陳道修,Chen Dao,,黄促昭纂,Huang Zuzhao,,,明弘治刻本,,,,,,,,田土,tiantu,landholdings,,,,LoGaRT,中國方志庫一集,,,
Nanhai zhi,南海志,,,地方誌,廣東,1304,陳大震修,Chen Dazhen,,吕桂孫纂,Lu Guisun,,,元大德刻本,,,,,,,,戶口,hukou,demographics,,,,LoGaRT,中國方志庫一集,,,
Chunxi Sanshan zhi,淳熙三山志,,,地方誌,福州,1182,陳傅良,Chen Fulang,,梁克家,Liang Kejia,,,,,,,,,,,版籍类,banji lei,Registers,,,,Wikisource,,https://zh.wikisource.org/wiki/%E6%B7%B3%E7%86%99%E4%B8%89%E5%B1%B1%E5%BF%97/%E5%8D%B710,,
Jiajing Changde fuzhi,嘉靖常德府志,,,地方誌,常德,1547,陳洪謨,Chen Hongmo,,,,,,明嘉靖刻本,,,,,,,,,,,,,,,天一閣藏明代方志選刊,,,
Zhengde Nankang fuzhi,正德南康府志,,,地方誌,南康,正德,陈霖,Chen Lin,,,,,,,,,,,,,,,,,,,,,天一閣藏明代方志選刊,,,
Jiajing Yanping fuzhi,嘉靖延平府志,,,地方誌,延平,1525,陳能修,Chen Neng,,鄭慶雲纂,Zheng Qingyun,,,明嘉靖刻本,,,,,,,,,,,,,,,天一閣藏明代方志選刊,,,
Pengchuang rilu,蓬窗日錄,,,野史,,明,陳全之,Chen Quanzhi,,,,,,,,,,,,,,江西,Jiangxi,,,,,China Text Project,,https://ctext.org/wiki.pl?if=gb&chapter=293542#%E6%B1%9F%E8%A5%BF,,
Pengchuang rilu,蓬窗日錄,,,野史,,明,陳全之,Chen Quanzhi,,,,,,,,,,,,,,福建,Fujian,,,,,China Text Project,,https://ctext.org/wiki.pl?if=gb&chapter=293542#%E7%A6%8F%E5%BB%BA,,
Jiajing Shaowu fuzhi,嘉靖邵武府志,,,地方誌,邵武,1543,陳讓纂,Chen Rang,,邢址纂,Xing Zhi,,,,,,,,,,,,,,,,,,天一閣藏明代方志選刊,,,
Chidu shuangyu,尺牘雙魚,,,政書,,明,陳繼儒,Chen Xuru,,,,,,中国历代契约汇编考译,张传玺,Zhang Zhuanxi,,,1995,北京大学出版社,北京,,,,,,,,,,,
Guangdong tongzhi chugao,廣東通志初稿,,,地方誌,廣東,1535,戴璟修,Dai Jing,,張岳纂,Zhang Yue,,,明嘉靖刻本,,,,,,,,田賦,tianfu,land taxes,,,,LoGaRT,中國方志庫一集,,,
Zhiyuan Jiahe zhi,至元嘉禾志,,,地方誌,嘉興,1288,單慶修,Dan Qing,,徐碩纂,Xu Shuo,,,清道光刻本,,,,,,,,戶口,hukou,demographics,,,,LoGaRT,中國方志庫一集,,,
Kangxi Junlian xian zhi,康熙筠連縣志,,,地方誌,筠連縣,1685,丁林聲,Ding Linsheng,,,,,,清康熙二十五年刻本,,,,,,,,木政,mu zheng,timber administration,,,,LoGaRT,中國方志庫一集,,,
Kangxi Xuzhou fu Qingfu xian zhi,康熙叙州府慶符縣志,,,地方誌,慶符縣,1685,丁林聲修,Ding Linsheng,,王之熊纂,Wang Zhixiong,,,清康熙二十五年刻本,,,,,,,,木政,mu zheng,timber administration,,,,LoGaRT,中國方志庫一集,,,
Canluan lu,驂鸞錄,,,傳記,,南宋,范成大,Fan Chengda,,,,,,,,,,,,,,,,,,,,Wikisource,,https://zh.wikisource.org/zh-hant/%E9%A9%82%E9%B8%9E%E9%8C%84,,
Wanli xinxiu Nanchang fuzhi,萬曆新修南昌府志,,,地方誌,南昌,1588,范淶修,Fan Lai,,章潢纂,Zhang Yan,,,明萬曆十六年刻本,,,,,,,,,,,,,,,日本藏中國罕見地方志叢刊,,,
Hou Han shu,後漢書,History of the Later Han,,正史,,Southern Dynasties Song,范曄,Fan Ye,,,,,,,,,,,,,,豫章郡,Yuzhang jun,Yuzhang Commandery,,,,Wikisource,,https://zh.wikisource.org/wiki/%E5%BE%8C%E6%BC%A2%E6%9B%B8/%E5%8D%B7112#%E6%8F%9A%E5%B7%9E,,
Qingxi kou gui,青溪寇軌,Tracks of the Qingxi Bandits,,杂史,,1141,方勺,Fang Shao,,,,,,金華叢書本,,,,,,,,,,,,,,,,,,
Jin shu,晉書,History of the Jin,,正史,,Tang,房玄齡,Fang Xuanling,,,,,,,,,,,,,,豫章郡,Yuzhang jun,Yuzhang Commandery,,,,Wikisource,,https://zh.wikisource.org/wiki/%E6%99%89%E6%9B%B8/%E5%8D%B7015#%E6%8F%9A%E5%B7%9E,,
Yongzheng Jiangxi tongzhi,雍正江西通志,,,地方誌,江西,1732,髙其倬,Gao Qizhuo,,尹繼善,Yin Jishan,謝旻,Xie Min,四庫全書本,,,,,,,,恤新縣疏,xu xin xian shu,long memorial on pitying and renewing the counties,錢琦,Qian Qi,,Wikisource,,https://zh.wikisource.org/zh-hant/%E6%B1%9F%E8%A5%BF%E9%80%9A%E5%BF%97_(%E5%9B%9B%E5%BA%AB%E5%85%A8%E6%9B%B8%E6%9C%AC)/%E5%8D%B7117,,
Xi cha huicao,西槎彚草,Essays on Timber Rafting in the Western Regions,,雜家,,1533,龔輝,Gong Hui,,,,,,天一閣刻本,,,,,,,,,,,,,,World Digital Library,Library of Congress,https://www.wdl.org/en/item/4696/,,Chinese Rare Books Collection Control number 2012402100
Jiajing Yongfeng xianzhi,嘉靖永豐縣志,,,地方誌,永豐縣,1544,管景纂修,Guan Jing,,,,,,明嘉靖刻本,,,,,,,,,,,,,,,天一閣藏明代方志選刊,,,
Zhenchuan xiansheng ji,震川先生集,,,别集,,明,歸有光,Gui Youguang,,,,,,四部丛刊本,,,,,,,,通議大夫都察院左副都御史李公行狀,tongyidafu duchayuan zuofuyudushi Li gong xingzhuang,"Obituary of Grand Master for Transmitting Proposals, Censorate Vice Censor-in-chief of the Left Li [Xianqing]",,,,Wikisource,,https://zh.wikisource.org/zh-hant/%E9%9C%87%E5%B7%9D%E5%85%88%E7%94%9F%E9%9B%86/%E5%8D%B7%E4%BA%8C%E5%8D%81%E4%BA%94#%E9%80%9A%E8%AD%B0%E5%A4%A7%E5%A4%AB%E9%83%BD%E5%AF%9F%E9%99%A2%E5%B7%A6%E5%89%AF%E9%83%BD%E5%BE%A1%E5%8F%B2%E6%9D%8E%E5%85%AC%E8%A1%8C%E7%8B%80,,
Changguozhou tuzhi,昌國州圖志,,,地方誌,昌國州,1298,郭薦修,Guo Jian,,馮福京纂,Guo Fujing,,,清文淵閣四庫全書本,,,,,,,,戶口,hukou,demographics,,,,LoGaRT,中國方志庫一集,,,
Min shu,閩書,,,地方誌,福建,1631,何喬遠,He Qiaoda,,,,,,明崇禎刻本,,,,,,,,版籍志,banji zhi,registers,,,,LoGaRT,中國方志庫一集,,,
Yijian wu zhi,夷堅戊志,,,小説家,,南宋,洪邁,Hong Mai,,,,,,,,,,,,,,,,,,,,Wikisource,,https://zh.wikisource.org/wiki/%E5%A4%B7%E5%A0%85%E5%BF%97#%E5%A4%B7%E5%A0%85%E6%88%8A%E5%BF%97,Quoted in 賓退綠 9,
Baoqing Siming zhi,寶慶四明志,,,地方誌,寧波,1227,胡榘修,Hu Ju,,方萬里纂,Fang Wanli,,,清文淵閣四庫全書本,,,,,,,,,,,,,,LoGaRT,中國方志庫一集,,,
Jiajing Zhejiang tongzhi,嘉靖浙江通志,,,地方誌,浙江,1561,胡宗宪修,Hu Zongxian,,薛应旂纂,Xue Yingqi,,,,,,,,,,,,,,,,,,天一閣藏明代方志選刊,,,
Yantie lun,鹽鐵論,Discourses on Salt and Iron,,儒家,,After -81,桓寬,Huan Kuan,(~-81),,,,,,,,,,,,,本議,benyi,The Basic Argument,,,,China Text Project,,https://ctext.org/yan-tie-lun/ben-yi,,
Yantie lun,鹽鐵論,Discourses on Salt and Iron,,儒家,,After -81,桓寬,Huan Kuan,(~-81),,,,,四庫全書本,,,,,,,,本議,benyi,The Basic Argument,,,,Wikisource,,https://zh.wikisource.org/wiki/%E9%B9%BD%E9%90%B5%E8%AB%96/%E5%8D%B701#%E6%9C%AC%E8%AD%B0%E7%AC%AC%E4%B8%80,,
Yongzheng Sichuan tongzhi,雍正四川通志,,,地方誌,四川,雍正,黄廷桂修,Huang Yangui,,张晋生纂,Zhang Jinsheng,,,,,,,,,,,木政,mu zheng,timber administration,,,,LoGaRT,中國方志庫一集,,,
Jiading Chicheng zhi,嘉定赤城志,,,地方誌,台州,1221,黄㽦修,Huang Ying,,陳耆卿纂,Chen Qiqing,,,清文淵閣四庫全書本,,,,,,,,版籍門,banji men,registers,,,,LoGaRT,中國方志庫一集,,,
Qimin yaoshu,齊民要術,Essential Techniques for the Welfare of the People,,農家,,Northern Wei,賈思勰,Jia Sixie,,,,,,,,,,,,,,種榆白楊第四十六,zhong yu baiyang di sihiliu,Part 46 - Growing Elm and Poplar,,,,China Text Project,,https://ctext.org/wiki.pl?if=en&chapter=337648#%E7%A8%AE%E6%A6%86%E3%80%81%E7%99%BD%E6%A5%8A%E7%AC%AC%E5%9B%9B%E5%8D%81%E5%85%AD,,
Qimin yaoshu,齊民要術,Essential Techniques for the Welfare of the People,,農家,,Northern Wei,賈思勰,Jia Sixie,,,,,,四庫全書本,,,,,,,,種榆白楊第四十六,zhong yu baiyang di sihiliu,Part 46 - Growing Elm and Poplar,,,,Wikisource,,https://zh.wikisource.org/wiki/%E9%BD%8A%E6%B0%91%E8%A6%81%E8%A1%93/%E5%8D%B7%E7%AC%AC%E4%BA%94#%E7%A8%AE%E6%A6%86%E7%99%BD%E6%A5%8A%E7%AC%AC%E5%9B%9B%E5%8D%81%E5%85%AD,,
Jiangxi sheng fuyi quanshu,江西省賦役全書,Jiangxi Province Complete Tax Records,,地方誌,江西,1611,江西布政使司,Jiangxi Adminstrative Commissioner's Office,,,,,,明萬曆三十九年刻本,,,,,,,,,,,,,,,,,,
Jiajing Ganzhou fuzhi,嘉靖贛州府志,,,地方誌,贛州,1536,康河修,Kang He,,董天錫纂,Dong Tianxi,,,明嘉靖刻本,,,,,,,,,,,,,,,天一閣藏明代方志選刊,,,
Da Ming huidian,大明會典,Collected Statutes of the Ming Dynasty,,政書,,1587,李東陽,Li Dongyang,,,,,,,,,,,,,,內府庫,neifu ku,inner court warehouses,,,,China Text Project,,https://ctext.org/wiki.pl?if=gb&chapter=960561,,
Da Ming huidian,大明會典,Collected Statutes of the Ming Dynasty,,政書,,1587,李東陽,Li Dongyang,,,,,,,,,,,,,,黃冊,huang ce,Yellow Registers,,,,China Text Project,,https://ctext.org/wiki.pl?if=gb&chapter=870950,,
Da Ming huidian,大明會典,Collected Statutes of the Ming Dynasty,,政書,,1587,李東陽,Li Dongyang,,,,,,,,,,,,,,柴炭,chaitan,fuel,,,,China Text Project,,https://ctext.org/wiki.pl?if=gb&chapter=293560,,
Da Ming huidian,大明會典,Collected Statutes of the Ming Dynasty,,政書,,1587,李東陽,Li Dongyang,,,,,,,,,,,,,,沿江蘆課,yanjiang lu ke,reed taxes along the river,,,,China Text Project,,https://ctext.org/wiki.pl?if=gb&chapter=685671,,
Da Ming huidian,大明會典,Collected Statutes of the Ming Dynasty,,政書,,1587,李東陽,Li Dongyang,,,,,,,,,,,,,,捕採,bu cai,hunting and gathering,,,,China Text Project,,https://ctext.org/wiki.pl?if=gb&chapter=674689,,
Da Ming huidian,大明會典,Collected Statutes of the Ming Dynasty,,政書,,1587,李東陽,Li Dongyang,,,,,,,,,,,,,,抽分,choufen,tariffs,,,,China Text Project,,https://ctext.org/wiki.pl?if=gb&chapter=426428#p2,,
Da Ming huidian,大明會典,Collected Statutes of the Ming Dynasty,,政書,,1587,李東陽,Li Dongyang,,,,,,,,,,,,,,船首,chuanshou,ships,,,,China Text Project,,https://ctext.org/wiki.pl?if=gb&chapter=543832,,
Da Ming huidian,大明會典,Collected Statutes of the Ming Dynasty,,政書,,1587,李東陽,Li Dongyang,,,,,,,,,,,,,,計該支柴炭,ji gai zhi chaitan,fuel dibursement quotas,,,,China Text Project,,https://ctext.org/wiki.pl?if=gb&chapter=685671#p174,,
Da Ming huidian,大明會典,Collected Statutes of the Ming Dynasty,,政書,,1587,李東陽,Li Dongyang,,,,,,,,,,,,,,屯田清吏司,tuntian qingli si,military farms bureau,,,,China Text Project,,https://ctext.org/wiki.pl?if=gb&chapter=685671#p131,,
Da Ming huidian,大明會典,Collected Statutes of the Ming Dynasty,,政書,,1587,李東陽,Li Dongyang,,,,,,,,,,,,,,營造一,yingjian yi,construction part 1,,,,China Text Project,,https://ctext.org/wiki.pl?if=gb&chapter=771137,,
Da Ming huidian,大明會典,Collected Statutes of the Ming Dynasty,,政書,,1587,李東陽,Li Dongyang,,,,,,,,,,,,,,物料,wuliao,materials,,,,China Text Project,,https://ctext.org/wiki.pl?if=gb&chapter=285514,,
Taiping guangji,太平廣記,Extensive Records of the Taiping Reign,,類書,,981,李昉,Li Fang,,,,,,,,,,,,,,徐彥成,Xu Yancheng,,徐鉉,Xu Xuan,0012236,Wikisource,,https://zh.wikisource.org/wiki/%E5%A4%AA%E5%B9%B3%E5%BB%A3%E8%A8%98/%E5%8D%B7%E7%AC%AC354#%E5%BE%90%E5%BD%A5%E6%88%90,quoting 稽神錄,
Taiping yulan,太平御覽,Imperial Encyclopedia of the Taiping Reign,,類書,,984,李昉,Li Fang,,,,,,,,,,,,,,南康記,Nankang ji,Record of Nankang,鄧德明,Liu Deming,,Wikisource,,https://zh.wikisource.org/wiki/%E5%A4%AA%E5%B9%B3%E5%BE%A1%E8%A6%BD/0884,,
Taiping yulan,太平御覽,Imperial Encyclopedia of the Taiping Reign,,類書,,984,李昉,Li Fang,,,,,,四庫全書本,,,,,,,,上落山,Shangluo shan,Mout Shangluo,顾野王,Gu Yewang,,Wikisource,,https://zh.wikisource.org/wiki/%E5%A4%AA%E5%B9%B3%E5%BE%A1%E8%A6%BD/0048#%E4%B8%8A%E6%B4%9B%E5%B1%B1,quoting 輿地志,
Hongzhi Fuzhou fuzhi,弘治撫州府志,,,地方誌,撫州,1503,黎喆,Li Ji,,呂傑,Lu Jie,,,,,,,,,,,,,,,,,,天一閣藏明代方志選刊,,,
Hongzhi Taicang zhouzhi,弘治太倉州志,,,地方誌,,1500,李端修,Li Rui,,桑悅纂,Sang Yue,,,,,,,,,,,,,,,,,LoGaRT,中國方志庫一集,,,
Qianlong Qiyang xianzhi,乾隆祁陽縣志,,,地方誌,祁陽縣,1765,李蒔修,Li Shi,,矌敏本纂,Guang Minben,,,清乾隆三十年刻本,,,,,,,,風俗,fengsu,customs,,,,LoGaRT,中國方志庫一集,,,
Xu zizhi tongjian changbian,續資治通鑑長編,Extended Continuation of the Comprehensive Mirror for Aid in Government,CB,編年,,1126,李燾,Li Tao,,,,,,欽定四庫全書本,,,,,,,,,,,,,,China Text Project,,https://ctext.org/wiki.pl?if=gb&res=520633,,
Xu zizhi tongjian changbian,續資治通鑑長編,Extended Continuation of the Comprehensive Mirror for Aid in Government,CB,編年,,1126,李燾,Li Tao,,,,,,四庫全書本,,,,,,,,,,,,,,Wikisource,,https://zh.wikisource.org/zh-hant/%E7%BA%8C%E8%B3%87%E6%B2%BB%E9%80%9A%E9%91%91%E9%95%B7%E7%B7%A8,,
Yongzheng Zhejiang tongzhi,雍正浙江通志,,,地方誌,浙江,1735,李衛修 ,Li Wei,,沈翼機纂,Shen Yiji,,,清文淵閣四庫全書本,,,,,,,,杉,shan,fir,,,,LoGaRT,中國方志庫一集,,quoting 崇禎開化縣志,
Jiannian yilai fannian yaolü,建炎以來系年要錄,Record of essentials in the prosperous years since the Jianyan reign,JYFN,編年,,,李心傳,Li Xinzhuan,,,,,,欽定四庫全書本,,,,,,,,,,,,,,China Text Project,,https://ctext.org/wiki.pl?if=gb&res=907864,,
Songchao shishi,宋朝事實,,,政書,,南宋,李攸,Li You,,,,,,四庫全書,,,,,,,,,,,,,,Wikisource,,https://zh.wikisource.org/wiki/%E5%AE%8B%E6%9C%9D%E4%BA%8B%E5%AF%A6/%E5%8D%B707,,
Longjiang chuanchang zhi,龍江船廠志,Treatise on the Longjiang Shipyards,,政書,,1552,李昭祥,Li Zhaoxiang,,,,,,,,,,,,,,龍江船廠志序,Longjiang chuanchang zhi xu,preface to the treatise on the Longjiang shipyards,歐陽衢,Ouyang Qu,,Wikisource,,https://zh.wikisource.org/wiki/%E9%BE%8D%E6%B1%9F%E8%88%B9%E5%BB%A0%E5%BF%97%E5%BA%8F,,
Longjiang chuanchang zhi,龍江船廠志,Treatise on the Longjiang Shipyards,,政書,,1552,李昭祥,Li Zhaoxiang,,,,,,,,,,,,,,訓典志,shundian zhi,institutional precedents,,,,Wikisource,,https://zh.wikisource.org/zh-hant/%E9%BE%8D%E6%B1%9F%E8%88%B9%E5%BB%A0%E5%BF%97#%E5%8D%B7%E4%B8%80%C2%B7%E8%A8%93%E5%85%B8%E5%BF%97,,
Longjiang chuanchang zhi,龍江船廠志,Treatise on the Longjiang Shipyards,,政書,,1552,李昭祥,Li Zhaoxiang,,,,,,,,,,,,,,地科,di ke,land taxes,,,,Wikisource,,https://zh.wikisource.org/wiki/%E9%BE%8D%E6%B1%9F%E8%88%B9%E5%BB%A0%E5%BF%97#%E5%8D%B7%E4%BA%94%C2%B7%E6%96%82%E8%B2%A1%E5%BF%97,,
Longjiang chuanchang zhi,龍江船廠志,Treatise on the Longjiang Shipyards,,政書,,1552,李昭祥,Li Zhaoxiang,,,,,,,,,,,,,,成規,cheng gui,established regulations,,,,Wikisource,,https://zh.wikisource.org/zh-hant/%E9%BE%8D%E6%B1%9F%E8%88%B9%E5%BB%A0%E5%BF%97#%E5%8D%B7%E4%B8%80%C2%B7%E8%A8%93%E5%85%B8%E5%BF%97,,
Longjiang chuanchang zhi,龍江船廠志,Treatise on the Longjiang Shipyards,,政書,,1552,李昭祥,Li Zhaoxiang,,,,,,,,,,,,,,單板,danban,planks,,,,Wikisource,,https://zh.wikisource.org/wiki/%E9%BE%8D%E6%B1%9F%E8%88%B9%E5%BB%A0%E5%BF%97#%E5%8D%B7%E4%BA%94%C2%B7%E6%96%82%E8%B2%A1%E5%BF%97,,
Longjiang chuanchang zhi,龍江船廠志,Treatise on the Longjiang Shipyards,,政書,,1552,李昭祥,Li Zhaoxiang,,,,,,,,,,,,,,木價,mu jia,timber prices,,,,Wikisource,,https://zh.wikisource.org/wiki/%E9%BE%8D%E6%B1%9F%E8%88%B9%E5%BB%A0%E5%BF%97#%E5%8D%B7%E4%BA%94%C2%B7%E6%96%82%E8%B2%A1%E5%BF%97,,
Jiajing Jianping xianzhi,嘉靖建平縣志,,,地方誌,建平縣,1562,連鑛修,Lian Guang,,姚文燁纂,Yao Wenhua,,,明嘉靖刻本,,,,,,,,賦稅,fushui,taxes,,,,LoGaRT,中國方志庫一集,,,
Tianqi Quzhou fuzhi,天啓衢州府志,,,地方誌,衢州,1622,林應翔修,Lin Yingxiong,,葉秉敬纂,Ye Bingjing,,,明天啓二年刊本,,,,,,,,開化縣治圖,Kaihua xian zhitu,guide to the districts in Kaihua County,,,,LoGaRT,中國方志庫一集,,,
Zhengde Raozhou fuzhi,正德饒州府志,,,地方誌,饒州,正德,劉策,Liu Ce,,,,,,,,,,,,,,,,,,,,,天一閣藏明代方志選刊,,,
Hongzhi Yuezhou fuzhi,弘治岳州府志,,,地方誌,岳州,1488,劉璣,Liu Ji,,,,,,,,,,,,,,,,,,,,,天一閣藏明代方志選刊,,,
Zhuozhong zhi,酌中志,,,野史,,明,劉若愚,Liu Ruoyu,,,,,,,,,,,,,,,,,,,,,,,,
Jiu Tang shu,舊唐書,Old History of the Tang,,正史,,Latter Jin,劉昫,Liu Xu,,,,,,,,,,,,,,豫章郡,Yuzhang jun,Yuzhang Commandery,,,,Wikisource,,https://zh.wikisource.org/wiki/%E8%88%8A%E5%94%90%E6%9B%B8/%E5%8D%B740#%E6%B1%9F%E5%8D%97%E8%A5%BF%E9%81%93,,
Jiaqing Yibin xian zhi,嘉慶宜賓縣志,,,地方誌,,1812,劉元熙,Liu Yuanxi,,李世芳,Li Shifang,,,,,,,,,,,木政,mu zheng,timber administration,,,,LoGaRT,中國方志庫一集,,,
Xinyu,新語,,,,,Western Han,陸賈,Lu Jia,"(-240, -170)",,,,,,,,,,,,,資質,zizhi,Natural Endowments,,,,China Text Project,,https://ctext.org/xinyu/zizhi,,
Xinyu,新語,,,,,Western Han,陸賈,Lu Jia,"(-240, -170)",,,,,四庫全書本,,,,,,,,資質,zizhi,Natural Endowments,,,,Wikisource,,https://zh.wikisource.org/wiki/%E6%96%B0%E8%AA%9E/07,,
Jiading Zhenjiang zhi,嘉定鎮江志,,,地方誌,鎮江,1224,盧憲纂,Lu Xian,,,,,,清道光二十二年丹徒包氏刻本,,,,,1842,,,,,,,,,LoGaRT,中國方志庫一集,,,
Hongwu Suzhou fuzhi,洪武蘇州府志,,,地方誌,,洪武,盧熊,Lu Xiong,,,,,,,,,,,,,,,,,,,,LoGaRT,中國方志庫一集,,,
Wenxian tongkao,文獻通考,Comperhensive Investigations of Documentary Sources,,政書,,1319,馬端臨,Ma Duanlin,,,,,,四庫全書本,,,,,,,,雜征斂 - 山澤津渡,za zhenglian - shanze jindu,"Miscellanous Levies - Mountains, Marshes, Fords and Ferries",,,,Wikisource,,https://zh.wikisource.org/wiki/%E6%96%87%E7%8D%BB%E9%80%9A%E8%80%83/%E5%8D%B7%E5%8D%81%E4%B9%9D,,
Jingding Jiankang zhi,景定建康志,,,地方誌,南京,1264,馬光祖修,Ma Guangzu,,周應合纂,Zhou Yinghe,,,清文淵閣四庫全書本,,,,,1804,,,,,,,,,LoGaRT,中國方志庫一集,,,
Yanyou Siming zhi,延祐四明志,,,地方誌,寧波,1320,馬澤修,Ma Ze,,袁桷纂,Yuan Jiao,,,清文淵閣四庫全書本,,,,,,,,,,,,,,LoGaRT,中國方志庫一集,,,
chuanzheng xin shu,船政新書,New Treatise on Shipbuilding Adminstration,,政書,,~1560,倪涷,Ni Dong,,,,,,,,,,,,,,船政新書序,chuanzheng xin shu xu,preface to the new treatise on shipbuilding adminsitration,妾寳,Qie Bao,,China Text Project,,https://ctext.org/library.pl?if=gb&file=30869&page=2,,
Tongzhi Wan'an xianzhi,同治萬安縣志,,,地方誌,萬安縣,1873,歐陽駿修,Ouyang Jun,,周之鏞纂,Zhou Zhikang,,,清同治十二年刻本,,,,,,,,學宮記,xuegong ji,record of the study hall,,,,LoGaRT,中國方志庫一集,,,
Xin Tang shu,新唐書,New Tang History,,正史,,1060,歐陽修,Ouyang Xiu,,宋祁,Song Qi,,,四庫全書本,,,,,,,,食貨二,shihuo er,Food and Commodities 2,,,,Wikisource,,https://zh.wikisource.org/wiki/%E6%96%B0%E5%94%90%E6%9B%B8/%E5%8D%B7052,,
Hongzhi Huizhou fuzhi,弘治徽州府志,,,地方誌,徽州,1502,彭澤修,Peng Ze,,汪舜民纂,Wang Wumin,,,明弘治刻本,,,,,,,,,,,,,,LoGaRT,中國方志庫一集,,,
Hongzhi Huizhou fuzhi,弘治徽州府志,,,地方誌,徽州,1502,彭澤修,Peng Ze,,汪舜民纂,Wang Wumin,,,明弘治刻本,,,,,,,,田地,tiandi,landholdings,,,,LoGaRT,中國方志庫一集,,,
Daoguang Zunyi fuzhi,道光遵義府志,,,地方誌,遵義,1837,平翰,Ping Gan,,,,,,,,,,,,,,木政,mu zheng,timber administration,,,,LoGaRT,中國方志庫一集,,,
Xianyou Lin'an zhi,咸淳臨安志,,,地方誌,杭州,1274,潛說友,Qian Shuoyou,,,,,,,,,,,,,,,,,,,,,,,,
Guangdong xinyu,廣東新語,New Comments on Guangdong,,地理,廣東,1678,屈大均,Qu Dajun,,,,,,,,,,,,,,杉,shan,fir,,,,China Text Project,,https://ctext.org/wiki.pl?if=gb&chapter=253790#p12,"Translated in Elvin, Retreat of the Elephants, 77",
Jiajing Renhe xianzhi,嘉靖仁和縣志,,,地方誌,,嘉靖,沈朝宣,Shen Chaoxuan,,,,,,,,,,,,,,工部分司提名記,gongbu fensi timing ji,record of the board of works branch office name inscription,,李旻,Li Min,LoGaRT,中國方志庫一集,,,
Mengxi bitan,夢溪筆談,Dream Pool Essays,,雜家,,1088,沈括,Shen Kuo,,,,,,,,,,,,,,雜誌,zazhi,Miscelleanous Notes,,,,Wikisource,,https://zh.wikisource.org/wiki/%E5%A4%A2%E6%BA%AA%E7%AD%86%E8%AB%87/%E5%8D%B724,,
Song shu,宋書,History of the [Southern Dynasties] Song,,正史,,Southern Dynasties Liang,沈約,Shen Yue,,,,,,,,,,,,,,豫章郡,Yuzhang jun,Yuzhang Commandery,,,,Wikisource,,https://zh.wikisource.org/wiki/%E5%AE%8B%E6%9B%B8/%E5%8D%B736,,
Shiji,史記,Records of the Grand Historian,,正史,,-94,司馬遷,Sima Qian,"(?, -86)",,,,,,,,,,,,,貨殖列傳,shizhi liezhuan,Biographies of Important Merchants,,,,China Text Project,,https://ctext.org/shiji/huo-zhi-lie-zhuan,,
Yuan shi,元史,History of the Yuan,,正史,,,宋廉,Song Lian,,,,,,四庫全書本,,,,,,,,選舉志,xuanju zhi,examinations,,,,Wikisource,,https://zh.wikisource.org/wiki/%E5%85%83%E5%8F%B2/%E5%8D%B7081,,
Yuan shi,元史,History of the Yuan,,正史,,,宋廉,Song Lian,,,,,,四庫全書本,,,,,,,,伯顏,Bo Yan,biography of Bo Yan,,,,Wikisource,,https://zh.wikisource.org/wiki/%E5%85%83%E5%8F%B2/%E5%8D%B7127,,
Yuan shi,元史,History of the Yuan,,正史,,,宋廉,Song Lian,,,,,,四庫全書本,,,,,,,,劉宣,Liu Xuan,biography of Liu Xuan,,,,Wikisource,,https://zh.wikisource.org/wiki/%E5%85%83%E5%8F%B2/%E5%8D%B7168,,
Yuan shi,元史,History of the Yuan,,正史,,,宋廉,Song Lian,,,,,,四庫全書本,,,,,,,,經理,jingli,reorganization,,,,Wikisource,,https://zh.wikisource.org/wiki/%E5%85%83%E5%8F%B2/%E5%8D%B7093,,
Wanli Shaoxing fuzhi,萬曆紹興府志,,,地方誌,紹興,萬曆,蕭良幹,Su Lianggan,,张元忭,Zhang Yuanbin,,,,,,,,,,,關,guan,customs stations,,,,LoGaRT,中國方志庫一集,,,
Zhenglei bencao,證類本草,Collected Classified Materia Medica,,醫家,,,唐慎㣲,Tang Zhenwei,,,,,,欽定四庫全書,,,,,,,,杉材,shancai,fir timber,,,,Kanseki Repository,,http://www.kanripo.org/text/KR3e0028/014#81a,,
Qianlong Hengyang xianzhi,乾隆衡陽縣志,,,地方誌,衡陽縣,1761,陶易修,Tao Yi,,李德纂,Li De,,,清乾隆二十六刻本,,,,,,,,杉,shan,fir,,,,LoGaRT,中國方志庫一集,,,
Chuogeng lu,輟耕録,,,小說家,,1366,陶宗儀,Tao Zongyi,,,,,,,,,,,,,,氏族,shizu,clans,,,,Wikisource,,https://zh.wikisource.org/wiki/%E8%BC%9F%E8%80%95%E9%8C%84/%E5%8D%B701#%E6%B0%8F%E6%97%8F,,
Song shi,宋史,History of the Song,,正史,,,脱脫,Toqto’a,,,,,,四庫全書本,,,,,,,,高防,Gao Fang,,,,,Wikisource,,https://zh.wikisource.org/wiki/%E5%AE%8B%E5%8F%B2/%E5%8D%B7270#%E9%AB%98%E9%98%B2,,
Song shi,宋史,History of the Song,,正史,,,脱脫,Toqto’a,,,,,,四庫全書本,,,,,,,,李憲,Li Xian,,,,,Wikisource,,https://zh.wikisource.org/wiki/%E5%AE%8B%E5%8F%B2/%E5%8D%B7467#%E6%9D%8E%E6%86%B2,,
Song shi,宋史,History of the Song,,正史,,,脱脫,Toqto’a,,,,,,四庫全書本,,,,,,,,王韶,Wang Shao,,,,,Wikisource,,https://zh.wikisource.org/wiki/%E5%AE%8B%E5%8F%B2/%E5%8D%B7328#%E7%8E%8B%E9%9F%B6,,
Song shi,宋史,History of the Song,,正史,,,脱脫,Toqto’a,,,,,,四庫全書本,,,,,,,,孝宗三,Xiaozong san,Xiaozong 3,,,,Wikisource,,https://zh.wikisource.org/wiki/%E5%AE%8B%E5%8F%B2/%E5%8D%B7328#%E7%8E%8B%E9%9F%B6,,
Song shi,宋史,History of the Song,,正史,,,脱脫,Toqto’a,,,,,,四庫全書本,,,,,,,,器甲之制,qijia zhi zhi,armament regulations,,,,Wikisource,,https://zh.wikisource.org/wiki/%E5%AE%8B%E5%8F%B2/%E5%8D%B7197,,
Song shi,宋史,History of the Song,,正史,,,脱脫,Toqto’a,,,,,,四庫全書本,,,,,,,,鄉兵,xiangbing,provincial armies,,,,Wikisource,,https://zh.wikisource.org/wiki/%E5%AE%8B%E5%8F%B2/%E5%8D%B7190,,
Song shi,宋史,History of the Song,,正史,,,脱脫,Toqto’a,,,,,,四庫全書本,,,,,,,,禁軍上,jinjun shang,imperial guard part 1,,,,Wikisource,,https://zh.wikisource.org/wiki/%E5%AE%8B%E5%8F%B2/%E5%8D%B7187,,
Zheshun Zhenjiang zhi,至順鎮江志,,,地方誌,鎮江,1333,脱因修,Tuo Yin,,俞希魯纂,Yu Xilu,,,清道光二十二年丹徒包氏刻本,,,,,1842,,,戶口,hukou,demographics,,,,LoGaRT,中國方志庫一集,,,
Zheshun Zhenjiang zhi,至順鎮江志,,,地方誌,鎮江,1333,脱因修,Tuo Yin,,俞希魯纂,Yu Xilu,,,清道光二十二年丹徒包氏刻本,,,,,,,,田土,tiantu,landholdings,,,,LoGaRT,中國方志庫一集,,,
Zhouguan xinyi,周官新義,New Meaning of the Offices of Zhou,,禮,,1086,王安石,Wang Anshi,,,,,,四庫全書本,,,,,,,,,,,,,,Wikisource,,https://zh.wikisource.org/wiki/%E5%91%A8%E5%AE%98%E6%96%B0%E7%BE%A9_(%E5%9B%9B%E5%BA%AB%E5%85%A8%E6%9B%B8%E6%9C%AC),,
Gu Su zhi,古蘇志,,,地方誌,蘇州,明,王鏊,Wang Ao,,,,,,欽定四庫全書,,,,,,,,抽分,choufen,tariffs,,,,China Text Project,,https://ctext.org/wiki.pl?if=gb&chapter=196733&searchu=%E6%8A%BD%E5%88%86,,
Jiajing Chizhou fuzhi,嘉靖池州府志,,,地方誌,池州,1546,王崇,Wang Chong,,,,,,明嘉靖刻本,,,,,,,,田賦篇,tianfu pian,land tax,,,,LoGaRT,中國方志庫一集,,,
Tang huiyao,唐會要,,,政書,,北宋,王溥,Wang Fu,,,,,,,,,,,,,,雜稅,zashui,miscelaneous taxes,,,,Wikisource,,https://zh.wikisource.org/wiki/%E5%94%90%E6%9C%83%E8%A6%81/%E5%8D%B7084#%E9%9B%9C%E7%A8%85,,
Qian fu lun,潛夫論,Comments of a Recluse,,儒家,,Eastern Han,王符,Wang Fu,(~82-~167),,,,,,,,,,,,,"
浮侈",fuchi,On Excessive Luxury,,,,China Text Project,,https://ctext.org/qian-fu-lun/fu-chi#n84979,,
Qian fu lun,潛夫論,Comments of a Recluse,,儒家,,Eastern Han,王符,Wang Fu,(~82-~167),,,,,,,,,,,,,"
浮侈",fuchi,On Excessive Luxury,,,,Wikisource,,https://zh.wikisource.org/wiki/%E6%BD%9B%E5%A4%AB%E8%AB%96/%E5%8D%B7%E4%B8%89#%E6%B5%AE%E4%BE%88%E7%AC%AC%E5%8D%81%E4%BA%8C,,
Tang huiyao,唐會要,Institutional History of the Tang ,,政書,,961,王溥,Wang Pu,,,,,,,,,,,,,,雜稅,zashui,Miscelaneous Taxes,,,,China Text Project,,https://ctext.org/wiki.pl?if=gb&chapter=133159&searchu=%E9%9B%9C%E7%A8%85,,
Zhizheng Siming xuzhi,至正四明續志,,,地方誌,寧波,1344,王元恭修,Wang Yuangong,,徐亮纂,Xu Liang,,,清咸豐四年宋元四明六志本,,,,,1854,,,賦役,fuyi,tax and corvee,,,,LoGaRT,中國方志庫一集,,,
Jiangxi sheng dazhi,江西省大志,,,地方誌,江西,1556,王宗沐,Wang Zongmu,,,,,,,,,,,,,,,,,,,,,南京圖書館古本善本叢刊第一集,,,
Jiajing Jianning fuzhi,嘉靖建寧府志,,,地方誌,建寧,1541,夏玉麟修,Xi Yulin,,汪佃纂,Wang Dian,,,,,,,,,,,,,,,,,,天一閣藏明代方志選刊,,,
Zhengde Jianchang fuzhi,正德建昌府志,,,地方誌,建昌,1517,夏良勝,Xia Liangsheng,,,,,,,,,,,,,,,,,,,,,天一閣藏明代方志選刊,,,
Jiajing Chaling zhouzhi,嘉靖茶陵州志,,,地方誌,茶陵縣,1525,夏良勝修,Xia Liangsheng,,張治纂修,Zhang Zhi,,,,,,,,,,,,,,,,,,天一閣藏明代方志選刊,,,
Erbi kenqing,珥筆肯綮,Brushpen Hatpin's Critical Points,EBKQ,訟書,,1500-1569,小桃源覺非山人,xiao taoyuan juefei shanren,,,,,,歷代珍稀司法文獻,楊一凡,Yang Yifan,,,2012,北京社会科学文献出版社,北京,,,,,,,,,,,
Zhengde Ruizhou fuzhi,正德瑞州府志,,,地方誌,瑞州,1515,熊相,Xiong Xiang,,,,,,,,,,,,,,,,,,,,,天一閣藏明代方志選刊,,,
Nongzheng quanshu,農政全書,Complete book of agricultural adminsitration,,農家,,1639,徐光啟,Xu Guangqi,,,,,,,,,,,,,,鬆杉柏檜,song shan bai hui,"pine, fir, cypress, cedar",,,,Wikisource,,https://zh.wikisource.org/wiki/%E8%BE%B2%E6%94%BF%E5%85%A8%E6%9B%B8/%E5%8D%B738,,
Jiajing Linjiang fuzhi,嘉靖臨江府志,,,地方誌,臨江,1561,徐顥,Xu Hao,,楊鈞,Yang Jun,,,,,,,,,,,,,,,,,,天一閣藏明代方志選刊,,,
Song huiyao jigao,宋會要輯稿,Draft Institutional History of the Song,SHY,政書,,,徐松,Xu Song,,,,,,,,,,,,,,刑法,xingfa,Punishments,,,,Digital Edition of Unknown Provenance,,,,
Song huiyao jigao,宋會要輯稿,Draft Institutional History of the Song,SHY,政書,,,徐松,Xu Song,,,,,,,,,,,,,,食貨,shihuo,Food and Commodities,,,,Digital Edition of Unknown Provenance,,,,
Song huiyao jigao,宋會要輯稿,Draft Institutional History of the Song,SHY,政書,,,徐松,Xu Song,,,,,,,,,,,,,,兵,bing,Military,,,,Digital Edition of Unknown Provenance,,,,
Song huiyao jigao,宋會要輯稿,Draft Institutional History of the Song,SHY,政書,,,徐松,Xu Song,,,,,,,,,,,,,,職官,zhiguan,Offices,,,,Digital Edition of Unknown Provenance,,,,
Jishen lü,稽神錄,Record of Investigating Spirits,,小说家,,Southern Tang,徐鉉,Xu Xuan,,,,,,,,,,,,,,徐彥成,Xu Yancheng,,,,,Wikisource,,https://zh.wikisource.org/wiki/%E7%A8%BD%E7%A5%9E%E9%8C%84/%E5%8D%B73#%E5%BE%90%E5%BD%A5%E6%88%90,,
Shuowen jiezi,說文解字,Explaining Graphs and Analyzing Characters,,小學,,Eastern Han,許慎,Xu Zhen,(~58-~124),,,,,,,,,,,,,荊,Jing,,,,,China Text Project,,https://ctext.org/shuo-wen-jie-zi/cao-bu,,
Shuowen jiezi,說文解字,Explaining Graphs and Analyzing Characters,,小學,,Eastern Han,許慎,Xu Zhen,(~58-~124),,,,,,,,,,,,,楚,Chu,,,,,China Text Project,,https://ctext.org/shuo-wen-jie-zi?searchu=%E8%8D%8A#n30201,,
Shuowen jiezi,說文解字,Explaining Graphs and Analyzing Characters,,小學,,Eastern Han,許慎,Xu Zhen,(~58-~124),,,,,,,,,,,,,荊,Jing,,,,,Wikisource,,https://zh.wikisource.org/wiki/%E8%AA%AA%E6%96%87%E8%A7%A3%E5%AD%97/01#%E8%89%B8%E9%83%A8,,
Shuowen jiezi,說文解字,Explaining Graphs and Analyzing Characters,,小學,,Eastern Han,許慎,Xu Zhen,(~58-~124),,,,,,,,,,,,,楚,Chu,,,,,Wikisource,,https://zh.wikisource.org/wiki/%E8%AA%AA%E6%96%87%E8%A7%A3%E5%AD%97/06#%E6%9E%97%E9%83%A8,,
Huguang tujing zhishu,湖廣圖經志書,,,地方誌,湖廣,1484,薛綱,Xue Gang,,吳廷舉,Wu Yanju,,,,,,,,,,,建置沿革,jianzhi yange,construction and development,,,,LoGaRT,中國方志庫一集,,,
Zhengde Yuanzhou fuzhi,正德袁州府志,,,地方誌,袁州,1514,嚴嵩,Yan Gao,,,,,,明正德刻本,,,,,,,,課程,kecheng,excise taxes,,,,LoGaRT,中國方志庫一集,,,
Han shu zhu,漢書注,Annotated History of the Han,,正史,,Tang,顏師古,Yan Shigu,,,,,,,,,,,,,,蜀郡,Shu jun,Shu Commandery,,,,Guoxue daohang,,http://www.guoxue123.com/shibu/0101/01hsyz/037.htm,,
Jiajing Hengzhou fuzhi,嘉靖衡州府志,,,地方誌,衡州,1536,楊佩修,Yang Pei,,劉凿纂,Liu Zao,,,,,,,,,,,,,,,,,,天一閣藏明代方志選刊,,,
Wanli Quanzhou fuzhi,萬曆泉州府志,,,地方誌,泉州,萬曆,陽思謙修,Yang Siqian,,,,,,明萬曆刻本,,,,,,,,田土,tiantu,landholdings,,,,LoGaRT,中國方志庫一集,,,
Jiajing Nangong xianzhi,嘉靖南宮縣志,,,地方誌,南宮縣,1559,葉恆嵩,Ye Hengsong,,,,,,,,,,,,,,,,,,,,LoGaRT,中國方志庫一集,,,
Bizhao lühua,避暑錄話,Notes While Avoiding the Summer Heat,,雜家,,,葉夢得,Ye Mengde,,,,,,,,,,,,,,,,,,,,Wikisource,,https://zh.wikisource.org/zh-hans/%E9%81%BF%E6%9A%91%E9%8C%B2%E8%A9%B1#%E5%8D%B7%E4%B8%8B,,
Zhengde Fuzhou fuzhi,正德福州府志,,,地方誌,福州,1520,葉溥修,Ye Pu,,張孟敬纂,Zhang Mengjing,,,明正德十五年刻本,,,,,,,,田土,tiantu,landholdings,,,,LoGaRT,中國方志庫一集,,,
Kangxi Jiangxi tongzhi,康熙江西通志,,,地方誌,,1683,于成龍修,Yu Chenglong,,杜果纂,Du Guo,,,清康熙二十二年刻本,,,,,,,,,,,,,,,景印文淵閣四庫全書,,,
Wanli Sichuan zongzhi,萬曆四川總志,,,地方誌,四川,萬曆,虞怀忠修,Yu Huaizhong,,郭棐纂,Guo Fei,,,,,,,,,,,木政,mu zheng,timber administration,,,,LoGaRT,中國方志庫一集,,,
Tianqi Ganzhou fuzhi,天啓贛州府志,,,地方誌,贛州,1627,余文龍,Yu Wenlong,,謝詔,Xie Shao,,,清順治十七年刻本,,,,,1660,,,榷政志,quanzheng zhi,monopoly administration,,,,LoGaRT,中國方志庫一集,,,
Wanli Ji’an fuzhi,萬曆吉安府志,,,地方誌,吉安,1584,余之禎,Yu Zhizhen,,,,,,明萬曆十三年刻本,,,,,,,,戶賦志,hu fu zhi,households and taxation,,,,LoGaRT,中國方志庫二集,,,
Wanli Ji'an fuzhi,萬曆吉安府志,,,地方誌,吉安,1585,余之禎纂修,Yu Zhizhen,,,,,,明萬曆十三年刻本,,,,,,,,,,,,,,,日本藏中國罕見地方志叢刊,,,
Yuanshi shifan,袁氏世範,House Instructions of Mr. Yuan,,儒家,,1193,袁菜,Yuan Cai,,,,,,,,,,,,,,早慮,zao lü,advance planning,,,,Wikisource,,https://zh.wikisource.org/wiki/%E8%A2%81%E6%B0%8F%E4%B8%96%E7%AF%84/%E5%8D%B7%E4%B9%8B%E4%B8%AD#%E4%BA%8B%E8%B2%B4%E9%A0%90%E8%AC%80%E5%BE%8C%E5%89%87%E6%99%82%E5%A4%B1,,
Yuanshi shifan,袁氏世範,House Instructions of Mr. Yuan,,儒家,,1193,袁菜,Yuan Cai,,,,,,,,,,,,,,桑木因時種植,sang mu yinshi zhongzhi,timely planting of mulberries and timber,,,,Wikisource,,https://zh.wikisource.org/wiki/%E8%A2%81%E6%B0%8F%E4%B8%96%E7%AF%84/%E5%8D%B7%E4%B9%8B%E4%B8%8B#%E6%A1%91%E6%9C%A8%E5%9B%A0%E6%99%82%E7%A8%AE%E6%A4%8D,,
Yuanshi shifan,袁氏世範,House Instructions of Mr. Yuan,,儒家,,1193,袁菜,Yuan Cai,,,,,,,,,,,,,,田產界至宜分明,tianchan jiezhi yi fenming,the importance of clear property boundaries,,,,Wikisource,,https://zh.wikisource.org/wiki/%E8%A2%81%E6%B0%8F%E4%B8%96%E7%AF%84/%E5%8D%B7%E4%B9%8B%E4%B8%8B#%E7%94%B0%E7%94%A2%E7%95%8C%E8%87%B3%E5%AE%9C%E5%88%86%E6%98%8E,,
Guangxu Jiangxi tongzhi,光緒江西通志,,,地方誌,,1881,曾國藩,Zeng Guofan,,劉坤一,Liu Kunyi,,,,,,,,,,,九江關,Jiujiang guan,Jiujiang customs station,,,,LoGaRT,中國方志庫一集,,,
Guangxu Jiangxi tongzhi,光緒江西通志,,,地方誌,,1881,曾國藩,Zeng Guofan,,劉坤一,Liu Kunyi,,,,,,,,,,,贛關,Gan guang,Ganzhou customs station,,,,LoGaRT,中國方志庫一集,,,
Jiaqing Yuhang xianzhi,嘉慶餘杭縣志,,,地方誌,餘杭縣,1820,張吉安修,Zhang Ji'an,,朱文藻纂,Zhu Wenzao,,,民國八年重刊本,,,,,1919,,,物產,wuchan,products,,,,LoGaRT,中國方志庫一集,,,
Jiajing Ningbo fuzhi,嘉靖寧波府志,,,地方誌,寧波,1559,张时徹,Zhang Shiche,,,,,,,,,,,,,,,,,,,,LoGaRT,中國方志庫一集,,,
Jiajing Guangxin fuzhi,嘉靖廣信府志,,,地方誌,廣信,1526,張士鎬修,Zhang Shigao,,江汝璧纂,Jiang Rubi,,,明嘉靖刻本,,,,,,,,,,,,,,,天一閣藏明代方志選刊,,,
Zhizheng Jinling xin zhi,至正金陵新志,New Jinling Gazetteer,,地方誌,南京,1344,張鉉,Zhang Xuan,,,,,,清文淵閣四庫全書本,,,,,,,,田賦志,tianfu zhi,land tax,,,,LoGaRT,中國方志庫一集,,,
Ming shi,明史,History of the Ming,,正史,,1739,張廷玉,Zhang Yanyu,,,,,,四庫全書本,,,,,,,,戶口田制屯田莊田,huku tianzhi tuntian zhuangtian,"population, land oversight, military farms, and estates",,,,Wikisource,,https://zh.wikisource.org/wiki/%E6%98%8E%E5%8F%B2/%E5%8D%B777,,
Ming shi,明史,History of the Ming,,正史,,1739,張廷玉,Zhang Yanyu,,,,,,四庫全書本,,,,,,,,鹽法茶法,yanfa chafa,salt regulations and tea regulations,,,,Wikisource,,https://zh.wikisource.org/wiki/%E6%98%8E%E5%8F%B2/%E5%8D%B780,,
Ming shi,明史,History of the Ming,,正史,,1739,張廷玉,Zhang Yanyu,,,,,,四庫全書本,,,,,,,,上供採造,shanggong cai zao,"direct supply, requisitions, and construction",,,,Wikisource,,https://zh.wikisource.org/wiki/%E6%98%8E%E5%8F%B2/%E5%8D%B782,,
Ming shi,明史,History of the Ming,,正史,,1739,張廷玉,Zhang Yanyu,,,,,,四庫全書本,,,,,,,,韓林兒,Han Lin'er,biography of Han Lin'er,,,,Wikisource,,https://zh.wikisource.org/wiki/%E6%98%8E%E5%8F%B2/%E5%8D%B7122#%E9%9F%93%E6%9E%97%E5%85%92,,
Ming shi,明史,History of the Ming,,正史,,1739,張廷玉,Zhang Yanyu,,,,,,四庫全書本,,,,,,,,鄭和,Zheng He,biography of Zheng He,,,,Wikisource,,https://zh.wikisource.org/wiki/%E6%98%8E%E5%8F%B2/%E5%8D%B7304#%E9%84%AD%E5%92%8C,,
Ming shi,明史,History of the Ming,,正史,,1739,張廷玉,Zhang Yanyu,,,,,,四庫全書本,,,,,,,,蜀獻王椿,Shu Xian Wang Chun,"biography of Chun, Prince Xian of Shu",,,,Wikisource,,https://zh.wikisource.org/wiki/%E6%98%8E%E5%8F%B2/%E5%8D%B7117,,
Ming shi,明史,History of the Ming,,正史,,1739,張廷玉,Zhang Yanyu,,,,,,四庫全書本,,,,,,,,土司,tusi,native offices,,,,Wikisource,,https://zh.wikisource.org/wiki/%E6%98%8E%E5%8F%B2/%E5%8D%B7310,,
Ming shi,明史,History of the Ming,,正史,,1739,張廷玉,Zhang Yanyu,,,,,,四庫全書本,,,,,,,,四川土司一,Sichuan tusi yi,Sichuan native offices 1,,,,Wikisource,,https://zh.wikisource.org/wiki/%E6%98%8E%E5%8F%B2/%E5%8D%B7311#%E9%A6%AC%E6%B9%96,,
Ming shi,明史,History of the Ming,,正史,,1739,張廷玉,Zhang Yanyu,,,,,,四庫全書本,,,,,,,,四川土司二,Sichuan tusi er,Sichuan native offices 2,,,,Wikisource,,https://zh.wikisource.org/wiki/%E6%98%8E%E5%8F%B2/%E5%8D%B7312,,
Ming shi,明史,History of the Ming,,正史,,1739,張廷玉,Zhang Yanyu,,,,,,四庫全書本,,,,,,,,食貨五,shihuo wu,food and commodities 5,,,,Wikisource,,https://zh.wikisource.org/wiki/%E6%98%8E%E5%8F%B2/%E5%8D%B781,,
Ming shi,明史,History of the Ming,,正史,,1739,張廷玉,Zhang Yanyu,,,,,,四庫全書本,,,,,,,,食貨六,shihuo liu,food and commodities 6,,,,Wikisource,,https://zh.wikisource.org/wiki/%E6%98%8E%E5%8F%B2/%E5%8D%B782,,
Ming shi,明史,History of the Ming,,正史,,1739,張廷玉,Zhang Yanyu,,,,,,四庫全書本,,,,,,,,貴州土司,Guizhou tusi,Guizhou native offices,,,,Wikisource,,https://zh.wikisource.org/wiki/%E6%98%8E%E5%8F%B2/%E5%8D%B7316,,
Fuxiuyue riji,浮休閱目集,,,,,南宋,張芸臾,Zhang Yunyu,,,,,,,,,,,,,,,,,,,,,,,Cited in 賓退綠 9,
Chunxi Xin'an zhi,淳熙新安志,,,地方誌,徽州,1189,趙不悔修,Zhao Buhuai,,羅願纂,Luo Yuan,,,清嘉慶十七年刻本,,,,,,,,,,,,,,LoGaRT,中國方志庫一集,,,
Qianlong Hangzhou fuzhi,乾隆杭州府志,,,地方誌,,乾隆,郑澐,Zheng Yun,,,,,,,,,,,,,,南關監督,nan guan jiandu,southern customs station oversight,,,,LoGaRT,中國方志庫一集,,,
Bin tui lu,賓退綠,,,雜家,,南宋,趙與時,Zho Yushi,,,,,,,,,,,,,,,,,,,,Wikisource,,https://zh.wikisource.org/wiki/%E8%B3%93%E9%80%80%E9%8C%84/%E5%8D%B709,,
Longqing Yuezhou fuzhi,隆慶岳州府志,,,地方誌,岳州,隆慶,鍾崇文纂修,Zhong Chongwen,,,,,,明隆慶刻本,,,,,,,,,,,,,,,天一閣藏明代方志選刊,,,
Jiajing Taicang zhouzhi,嘉靖太倉州志,,,地方誌,,1548,周士佐修,Zhou Shizuo,,张寅纂,Zhang Yin,,,,,,,,,,,,,,,,,LoGaRT,中國方志庫一集,,,
Jiaqing Zhili Xuyong ting zhi,嘉慶直隸敘永廳志,,,地方誌,,嘉慶,周偉業修,Zhou Weiye,,褚彦昭,Chu Yanzhao,,,,,,,,,,,木政,mu zheng,timber administration,,,,LoGaRT,中國方志庫一集,,,
Chongzhen Kaihui xianzhi,崇禎開化縣志,,,地方誌,開化縣,1631,朱朝藩修,Zhu Chaofan,,汪慶百纂,Wang Qingbai,,,明崇禎刻本,,,,,,,,志圖,zhitu,record of the districts,,,,LoGaRT,中國方志庫一集,,,
Caochuan zhi,漕船志,Treatise on Transport Ships,,政書,,1501,朱家相,Zhu Jiaxiang,,,,,,淮安文獻叢刻,,,,,,,,抽分稅辦,choufen shui ban,tariff management,,,,Wikisource,,https://zh.wikisource.org/zh/%E6%BC%95%E8%88%B9%E5%BF%97#%E6%8A%BD%E5%88%86%E7%A8%85%E8%BE%A6,,
Caochuan zhi,漕船志,Treatise on Transport Ships,,政書,,1501,朱家相,Zhu Jiaxiang,,,,,,淮安文獻叢刻,,,,,,,,漕船志敘,caochuan zhi xu,preface to the treatise on transport ships,席書,Xi Shu,,Wikisource,,https://zh.wikisource.org/wiki/%E6%BC%95%E8%88%B9%E5%BF%97%E6%95%98,,
Caochuan zhi,漕船志,Treatise on Transport Ships,,政書,,1501,朱家相,Zhu Jiaxiang,,,,,,淮安文獻叢刻,,,,,,,,料額,liao e,material quotas,,,,Wikisource,,https://zh.wikisource.org/wiki/%E6%BC%95%E8%88%B9%E5%BF%97#%E6%96%99%E9%A1%8D,,
Caochuan zhi,漕船志,Treatise on Transport Ships,,政書,,1501,朱家相,Zhu Jiaxiang,,,,,,淮安文獻叢刻,,,,,,,,增修清江漕船志敘,zengxiu Qingjiang caozhuan zhi xu,preface to the revised treatise on Qingjiang transport ships,潘塤,Pan Xun,,Wikisource,,https://zh.wikisource.org/wiki/%E5%A2%9E%E4%BF%AE%E6%B8%85%E6%B1%9F%E6%BC%95%E8%88%B9%E5%BF%97%E6%95%98,,
Huian xiansheng Zhu wen gong wenji,晦庵先生朱文公文集,Collected works of Zhu Xi,,儒家,,,朱熹,Zhu Xi,,,,,,景上海涵芬樓藏明刊本,饒平蘇,Rao Pingsu,,,1532,,Fujian,萬杉寺,wanshan si ,ten thousand fir temple,,,,Wikisource,,https://zh.wikisource.org/wiki/%E6%99%A6%E5%BA%B5%E5%85%88%E7%94%9F%E6%9C%B1%E6%96%87%E5%85%AC%E6%96%87%E9%9B%86_(%E5%9B%9B%E9%83%A8%E5%8F%A2%E5%88%8A%E6%9C%AC)/%E5%8D%B7%E7%AC%AC%E4%B8%83,,
Huian xiansheng Zhu wen gong wenji,晦庵先生朱文公文集,Collected works of Zhu Xi,,儒家,,,朱熹,Zhu Xi,,,,,,景上海涵芬樓藏明刊本,饒平蘇,Rao Pingsu,,,1532,,Fujian,預經界事務,yu jingjie shiwu,preparing boundary records,,,,Wikisource,,https://zh.wikisource.org/wiki/%E6%99%A6%E5%BA%B5%E5%85%88%E7%94%9F%E6%9C%B1%E6%96%87%E5%85%AC%E6%96%87%E9%9B%86_(%E5%9B%9B%E9%83%A8%E5%8F%A2%E5%88%8A%E6%9C%AC)/%E5%8D%B7%E7%AC%AC%E4%B8%80%E7%99%BE,,
zhusi zhizhang,諸司職掌,duties of the various officials,,職官,,明,朱元璋,Zhu Yuanzhang,,,,,,,,,,,,,,,,,,,,China Text Project,,https://ctext.org/wiki.pl?if=gb&res=939727,,
Jinling tuyong,金陵圖詠,Nanjing Illustrated,,,,1624,朱之蕃,Zhu Zhifan,,,,,,,,,,,,,,,,,,,,World Digital Library,Library of Congress,https://www.wdl.org/en/item/295/,,Chinese Rare Books Collection Control number 2014514105
,"Narrative of a journey in the interior of China, and of a voyage to and from that country, in the years 1816 and 1817 : containing an account of the most interesting transactions of Lord Amherst's embassy to the court of Pekin and observations on the countries which it visited",,,,,,Clarke Abel,,,,,,,,,,,,1819,"Longman, Hurst, Rees, Orme, and Brown",London,,,,,,,Archive.org,,https://archive.org/details/narrativeofjourn00abel,,
,"Some Account of the Public Life, and a Selection from the Unpublished Writings, of the Earl of Macartney",,,,,,John Barrow,,,,,,,,,,,,1807,T. Cadell and W. Davies,London,,,,,,,Archive.org,,https://archive.org/details/someaccountpubl00barrgoog,,
Ming Taizu shilu,明太祖實錄,Veritable Records of Ming Taizu,,編年,,明,,,,,,,,,,,,,,,,,,,,,,China Text Project,,https://ctext.org/wiki.pl?if=gb&res=555283,,
Ming Taizong shilu,明太宗實錄,Veritable Records of Ming Taizong,,編年,,明,,,,,,,,,,,,,,,,,,,,,,China Text Project,,https://ctext.org/wiki.pl?if=gb&res=279435,,
Ming Renzong shilu,明仁宗實錄,Veritable Records of Ming Renzong,,編年,,明,,,,,,,,,,,,,,,,,,,,,,China Text Project,,https://ctext.org/wiki.pl?if=gb&res=398252,,
Ming Yingzong shilu,明英宗實錄,Veritable Records of Ming Yingzong,,編年,,明,,,,,,,,,,,,,,,,,,,,,,China Text Project,,https://ctext.org/wiki.pl?if=gb&res=954833,,
Mengzi,孟子,Mencius,,儒家,,,,,,,,,,,,,,,,,,梁惠王上,Liang Hui Wang I,,,,,China Text Project,,https://ctext.org/mengzi/liang-hui-wang-i#n1606,,
Zhanguo ce,戰國策,Strategies of the Warring States,,別史,,,,,,,,,,,,,,,,,,"
公輸般為楚設機",Gong Shu ban wei Chu she ji,,,,,China Text Project,,https://ctext.org/zhan-guo-ce/gong-shu-ban-wei-chu-she-ji,,
Shang jun shu,商君書,Book of Lord Shang,,法家,,,,,,,,,,,,,,,,,,來民,laimin,Encouragement of Immigration,,,,China Text Project,,https://ctext.org/shang-jun-shu/encouragement-of-immigration,,
Shi jing,詩經,Classic of Poetry,,經,,,,,,,,,,,,,,,,,,棫樸,yu pu,,,,,China Text Project,,https://ctext.org/book-of-poetry/yu-pu,,
Shi jing,詩經,Classic of Poetry,,經,,,,,,,,,,,,,,,,,,旱麓,han lu,,,,,China Text Project,,https://ctext.org/book-of-poetry/zao-lu,,
Shi jing,詩經,Classic of Poetry,,經,,,,,,,,,,,,,,,,,,皇矣,huang yi,,,,,China Text Project,,https://ctext.org/book-of-poetry/huang-yi,,
Shi jing,詩經,Classic of Poetry,,經,,,,,,,,,,,,,,,,,,緜,mian,,,,,China Text Project,,https://ctext.org/book-of-poetry/mian,,
Shang shu,尚書,Book of Documents,,經,,,,,,,,,,,,,,,,,,盤庚上,Pan Geng shang,Pan Geng I,,,,China Text Project,,https://ctext.org/shang-shu/pan-geng-i#n21195,,
Shang shu,尚書,Book of Documents,,經,,,,,,,,,,,,,,,,,,禹貢,Yu gong,Tribute of Yu,,,,China Text Project,,https://ctext.org/shang-shu/tribute-of-yu,,
Mozi,墨子,,,雜家,,,,,,,,,,,,,,,,,,公輸,Gong Shu,,,,,China Text Project,,https://ctext.org/mozi/gong-shu#n878,,
chuanzheng,船政,Shipbuilding Adminstration,,政書,,1546,,,,,,,,,,,,,,,,,,,,,,China Text Project,Peking University Library,https://ctext.org/library.pl?if=en&res=81972,,
Song xingtong,宋刑統,Song Penal Code,,政書,,963,,,,,,,,,,,,,,,,山野物已加功力,shanye wu yi jiagongli,Wildland Products with Labor Already Invested,,,,Guoxue Baodian,,,,
Song xingtong,宋刑統,Song Penal Code,,政書,,963,,,,,,,,,,,,,,,,占山野陂湖利,zhan shanye pohu li,Monopolizing the Bounties of Wildlands and Wetlands,,,,Guoxue Baodian,,,,
Tianqi Kaihua xianzhi,天啓開化縣志,,,地方誌,開化縣,天啓,,,,,,,,,,,,,,,,,,,,,,LoGaRT,中國方志庫一集,,,
Wanli Guizhou tongzhi,萬曆貴州通志,,,地方誌,貴州,萬曆,,,,,,,,,,,,,,,,大木疏,damu shu,long memorial on large timber,,,,LoGaRT,中國方志庫一集,,,
Da Ming lü,大明律,Great Ming Code,,政書,,1397,,,,,,,,,,,,,,,,盜賣田宅,daomai tianzhai,Fraudulently Selling Fields and Houses,,,,Wikisource,,https://zh.wikisource.org/wiki/%E5%A4%A7%E6%98%8E%E5%BE%8B/05#%E7%9B%9C%E8%B3%A3%E7%94%B0%E5%AE%85,,
Da Ming lü,大明律,Great Ming Code,,政書,,1397,,,,,,,,,,,,,,,,盜田野穀麥,dao tianye gumai,Stealing Wheat and Rice from Fields,,,,Wikisource,,https://zh.wikisource.org/wiki/%E5%A4%A7%E6%98%8E%E5%BE%8B/18#%E7%9B%9C%E7%94%B0%E9%87%8E%E7%A9%80%E9%BA%A5,,
Da Ming lü,大明律,Great Ming Code,,政書,,1397,,,,,,,,,,,,,,,,棄毀器物稼穡等,qihui qiwu jiahao deng,Discarding or Destroying Things Such as Utensils and Crops,,,,Wikisource,,https://zh.wikisource.org/wiki/%E5%A4%A7%E6%98%8E%E5%BE%8B/05#%E6%A3%84%E6%AF%80%E5%99%A8%E7%89%A9%E7%A8%BC%E7%A9%A1%E7%AD%89,,
Shang shu,尚書,Book of Documents,,經,,,,,,,,,,,,,,,,,,盤庚上,Pan Geng shang,Pan Geng I,,,,Wikisource,,https://zh.wikisource.org/wiki/%E5%B0%9A%E6%9B%B8/%E7%9B%A4%E5%BA%9A%E4%B8%8A,,
Shang shu,尚書,Book of Documents,,經,,,,,,,,,,,,,,,,,,禹貢,Yu gong,Tribute of Yu,,,,Wikisource,,https://zh.wikisource.org/wiki/%E5%B0%9A%E6%9B%B8/%E7%A6%B9%E8%B2%A2,,
Quan Tang wen,全唐文,,,,,,,,,,,,,,,,,,,,,种树郭橐驼传,zhongshu Guo tuotuo zhuan,Biography of tree planter Guo the hunchback,柳宗元,Liu Zongyuan,,Wikisource,,https://zh.wikisource.org/zh-hans/%E7%A8%AE%E6%A8%B9%E9%83%AD%E6%A9%90%E9%A7%9D%E5%82%B3,,
Qimen shisi du wu bao yulin ce,祁門四十都五保魚鱗冊,Fish-scale register of Qimen County sector 40 bao 5,,,祁門縣,,,,,,,,,,王鈺欣,Wang Yuxin,周紹泉,Zhou Zhaoquan,1993,花山文艺出版社,石家莊,,,,,,,,徽州千年契约文书－宋元明編,,,
Huizhou fu fuyi quanshu,徽州府賦役全書,Huizhou Prefecture Complete Tax Records,,地方誌,徽州,1620,,,,,,,,,田生金,Tian Shengjin,,,1970,臺灣學生書局,,,,,,,,,明代史籍汇刊影印明刻本,,,
Gongsi biyong,公私必用,Essential for public and private use,,政書,,元,,,,,,,,中国历代契约汇编考译,张传玺,Zhang Zhuanxi,,,1995,北京大学出版社,北京,,,,,,,,,,,
Jiajing xinli,嘉靖新例,New precedents of the Jiajing Reign,,政書,,嘉靖,,,,,,,,中国珍稀法律典籍集成,刘海年,Liu Hainian,楊一凡,Yang Yifan,1994,科学出版社,北京,,,,,,,,,,,
Ming Xuanzong shilu,明宣宗實錄,Veritable Records of Ming Xuanzong,,編年,,明,,,,,,,,,,,,,,,,,,,,,,,,,,
zhizhang tiaoli,南京工部職掌條例,regulations on official duties,,職官,,明,,,,,,,,,,,,,,,,,,,,,,,,,,
Jia Long xinli,嘉隆新例,New precedents of the Jiajing and Longqing Reigns,,政書,,隆情,,,,,,,,中国珍稀法律典籍集成,刘海年,Liu Hainian,楊一凡,Yang Yifan,1994,科学出版社,北京,,,,,,,,,,,
Zhongguo lidai qiyue huibian kaoyi,中国历代契约汇编考译,,LDQY,契約匯編,,,,,,,,,,,张传玺,Zhang Zhuanxi,,,1995,北京大学出版社,北京,,,,,,,,,,,
Minnan qiyue wenshu zonglu,閩南契約文書綜錄,,MNQY,契約匯編,,,,,,,,,,,杨国桢,Yang Guozhen,,,1990,厦门大学出版社,厦门,,,,,,,,,,suppliment,
Qingyuan tiaofa shilei,慶元條法事類,Law Code of the Qingyuan Period Arranged by Topic,,政書,,1201,,,,,,,,中國珍稀法律典籍續編,楊一帆,Yang Yifan,田濤,Tian Tao,2002,黑龍江人民出版社,哈爾濱,,,,,,,,,,,
Huang Ming tiaofa shilei zuan,皇明條法事類纂,Categorized regulations of the August Ming,,政書,,,,,,,,,,中国珍稀法律典籍集成,刘海年,Liu Hainian,楊一凡,Yang Yifan,1994,科学出版社,北京,,,,,,,,,,,